name,password,title,picture,email,phone,tagline,available,nationality,cuisine
Evangeline,393,Support Staff ,URL,arcu@ornare.org,(02) 3212 4733,"Duis elementum, dui quis accumsan convallis, ante lectus",Monday , American ,
Germaine,483, Principal Architect ,URL,pharetra.ut.pharetra@mauriseu.org,(01) 4098 7121,"diam lorem, auctor quis, tristique ac, eleifend",, Malaysian ," Chinese ,  Korean ,  Thai,  French ,  Western "
Ashton,621, HR ,URL,in.dolor@dictumultricies.org,(01) 7675 4365,rutrum lorem ac risus. Morbi metus. Vivamus euismod urna. Nullam," Thursday ,  Wednesday , Monday ,  Tuesday ", European ," Thai,  Western "
Xenos,895, Principal Architect ,URL,Curabitur.massa@nonummyultricies.edu,(03) 0606 0921,"tellus sem mollis dui, in sodales"," Tuesday ,  Friday,  Thursday ", Malaysian ," Chinese ,  Thai,  Korean , Indian ,  French ,  Western ,  Vietnamese "
Colt,669, Principal Architect ,URL,sit.amet.risus@cursusNunc.ca,(06) 8587 9138,"nisi nibh lacinia orci,",, American ,
Yvonne,531,Support Staff ,URL,dictum.eu@scelerisque.co.uk,(02) 1484 3151,tellus justo sit amet nulla. Donec non justo. Proin non," Wednesday ,  Friday,  Thursday ,  Tuesday , Monday ", European ," French ,  Vietnamese ,  Chinese ,  Thai,  Western , Indian "
Demetrius,871, Junior Architect ,URL,tellus.eu@Crasvulputatevelit.org,(04) 9268 9405,Morbi metus.," Tuesday ,  Thursday , Monday ", European , Chinese 
Shelly,132, HR ,URL,Curae@eget.co.uk,(09) 8471 5879,"laoreet, libero", Friday, Chinese , Thai
Colton,534, HR ,URL,tristique.ac@nec.org,(09) 1955 6803,"non, lobortis quis, pede. Suspendisse dui.",, Australian, Chinese 
Jennifer,112,Support Staff ,URL,vehicula.Pellentesque.tincidunt@dis.ca,(05) 1820 9291,Ut,"Monday ,  Wednesday ,  Friday,  Tuesday ,  Thursday ", European ," Korean ,  Western ,  French "
Salvador,942, Principal Architect ,URL,consequat@natoque.edu,(07) 6125 9880,"eu tellus. Phasellus elit pede, malesuada vel, venenatis vel, faucibus"," Friday, Monday ,  Wednesday ", Chinese ," Korean ,  Vietnamese ,  Western ,  Chinese , Indian "
Penelope,693, BIM Manager ,URL,egestas@acfeugiat.ca,(04) 2847 6321,"nec, euismod in, dolor. Fusce feugiat. Lorem"," Wednesday , Monday ,  Friday",Indian ," Thai,  French ,  Korean ,  Vietnamese ,  Western , Indian "
Ayanna,622, BIM Manager ,URL,neque.Nullam.nisl@enim.edu,(06) 9211 7723,"leo. Morbi neque tellus,",, American ,
Jarrod,964, BIM Manager ,URL,at.lacus@velvulputateeu.ca,(08) 3109 9217,eros. Nam consequat dolor vitae dolor.," Wednesday ,  Friday,  Thursday ,  Tuesday , Monday ", Australian," French , Indian ,  Western ,  Vietnamese "
Autumn,601, BIM Manager ,URL,quam.vel@molestiearcuSed.net,(01) 4181 8829,arcu et pede. Nunc sed orci lobortis augue scelerisque,, Malaysian ," Korean ,  Vietnamese ,  Chinese ,  Thai, Indian "
Illana,161, Junior Architect ,URL,accumsan@Proin.ca,(06) 8093 9916,"tellus faucibus leo, in lobortis tellus justo sit", Thursday , Chinese ," Western ,  French , Indian ,  Vietnamese ,  Thai"
Nicholas,621, HR ,URL,lobortis.quam@idante.com,(09) 6875 3920,laoreet, Thursday , American ," Chinese ,  Western ,  French "
Ulla,729, Junior Architect ,URL,non@facilisisnonbibendum.ca,(03) 6299 2480,semper pretium neque.,, Australian," Thai, Indian ,  Vietnamese ,  Korean ,  Western ,  French "
Benjamin,435, Principal Architect ,URL,Suspendisse@etmagnis.ca,(07) 4991 2945,"ac, fermentum vel,", Wednesday , American ," Vietnamese ,  Chinese ,  Thai,  French ,  Western ,  Korean "
Lamar,186, BIM Manager ,URL,malesuada@scelerisqueduiSuspendisse.net,(02) 6595 0030,imperdiet dictum," Tuesday ,  Friday", European ," Vietnamese ,  Korean ,  Chinese ,  Thai, Indian ,  French "
Amery,363, BIM Manager ,URL,tincidunt@cursusaenim.com,(06) 1204 4176,"tempor bibendum. Donec felis orci, adipiscing non, luctus sit"," Tuesday ,  Thursday , Monday ,  Friday,  Wednesday ",Indian ," Chinese ,  Western , Indian ,  French ,  Korean "
Kay,599, BIM Manager ,URL,mattis.velit@vehiculaaliquet.net,(08) 6275 4432,quis diam luctus lobortis. Class aptent taciti sociosqu ad," Tuesday ,  Thursday , Monday ,  Friday,  Wednesday ", Chinese ," Vietnamese , Indian ,  Thai,  Western ,  French "
Pearl,805, Principal Architect ,URL,sit.amet@lobortis.ca,(06) 4973 5152,Nulla tempor augue ac ipsum. Phasellus," Friday, Monday ,  Thursday ,  Tuesday ", Australian," Thai,  Western ,  Korean ,  French ,  Chinese "
Sydnee,268, Principal Architect ,URL,semper@Nunc.co.uk,(04) 3183 0479,Nunc ac sem,"Monday ,  Tuesday ,  Wednesday ,  Friday,  Thursday ", Malaysian ," Chinese ,  Korean ,  Thai"
Kelly,656, Junior Architect ,URL,lorem.sit@rutrum.net,(06) 7649 5851,Proin velit. Sed malesuada," Thursday , Monday ,  Friday,  Wednesday ,  Tuesday ", European ," Vietnamese ,  Thai, Indian ,  Chinese ,  Korean ,  French "
Keith,731, Junior Architect ,URL,a.auctor.non@dolordolortempus.ca,(05) 0991 1404,"Nunc ullamcorper, velit in"," Thursday ,  Tuesday , Monday ", American ," Chinese ,  French , Indian ,  Korean ,  Western ,  Vietnamese ,  Thai"
Vivien,362, Principal Architect ,URL,porta.elit@ametdapibusid.ca,(05) 9617 9178,Nulla facilisi. Sed neque. Sed," Friday,  Thursday ,  Wednesday ,  Tuesday ", Australian," Western ,  Thai,  Vietnamese ,  French , Indian "
Jackson,683, HR ,URL,tristique.senectus@ullamcorperDuis.co.uk,(02) 8541 5315,"dictum eleifend, nunc risus varius"," Thursday , Monday ", Chinese ,"Indian ,  Western ,  Korean ,  Thai,  Vietnamese ,  Chinese ,  French "
Yoko,547, Junior Architect ,URL,vitae.velit.egestas@imperdietnon.com,(04) 8182 0567,"consequat, lectus sit amet luctus"," Wednesday , Monday ,  Thursday ", Chinese ," Vietnamese , Indian ,  Chinese "
Fredericka,361, HR ,URL,et.ultrices@acturpisegestas.ca,(01) 6138 4269,pede. Cras vulputate," Friday, Monday ,  Tuesday ,  Wednesday ,  Thursday ", Malaysian ,"Indian ,  French ,  Thai"
Donovan,561,Support Staff ,URL,lorem.ac@quis.co.uk,(03) 5783 6852,mus. Aenean eget magna. Suspendisse," Wednesday ,  Friday,  Tuesday , Monday ,  Thursday ",Indian ," Chinese ,  Vietnamese ,  French ,  Western "
Murphy,192, BIM Manager ,URL,quis@Pellentesquehabitantmorbi.ca,(01) 8901 5762,nec," Wednesday ,  Thursday , Monday ", Malaysian ," Korean ,  Thai,  Chinese ,  French ,  Western , Indian "
Eugenia,410, HR ,URL,dui@purusMaecenaslibero.edu,(01) 1698 2610,molestie arcu. Sed eu nibh vulputate, Thursday , Malaysian ,"Indian ,  Thai"
Wynter,715, HR ,URL,Suspendisse.sed.dolor@famesacturpis.ca,(06) 2867 1479,"pharetra nibh. Aliquam ornare,"," Wednesday ,  Thursday , Monday ,  Tuesday ", Malaysian ," Korean ,  French "
Quinn,324, HR ,URL,Cum@laoreetlibero.edu,(07) 6019 8660,orci. Ut sagittis," Wednesday , Monday ", European ,
Shelley,414, Principal Architect ,URL,non@dictumplacerat.ca,(07) 9461 8659,lorem ipsum," Tuesday ,  Friday",Indian ," Thai,  Korean ,  Western ,  French ,  Chinese "
Wesley,405, BIM Manager ,URL,pede@egetnisi.org,(02) 3210 3954,tempor arcu. Vestibulum ut eros," Wednesday ,  Friday,  Thursday , Monday ", Australian," Vietnamese ,  Thai"
Edward,171, BIM Manager ,URL,ipsum@rutrum.edu,(08) 7928 6822,sapien. Aenean," Tuesday , Monday ,  Thursday ", American ," Vietnamese , Indian ,  Chinese ,  Thai,  French "
Candice,373,Support Staff ,URL,ac.tellus@viverraMaecenasiaculis.ca,(07) 6419 2706,"posuere at,", Wednesday , Chinese ," Vietnamese ,  Thai,  Chinese "
Cailin,639, Junior Architect ,URL,leo.in.lobortis@arcuVivamussit.com,(03) 5248 2961,vel lectus. Cum, Friday, Australian," Western ,  Chinese ,  French ,  Thai"
Bryar,794, BIM Manager ,URL,venenatis.lacus.Etiam@ipsumleoelementum.ca,(06) 3736 9611,nec mauris blandit mattis.," Tuesday , Monday ,  Friday,  Wednesday ", Chinese ," French ,  Thai,  Chinese "
Amal,924, Junior Architect ,URL,Cum.sociis.natoque@urna.co.uk,(07) 5800 4210,"enim. Nunc ut erat. Sed nunc est, mollis non,"," Wednesday ,  Thursday ,  Tuesday , Monday ,  Friday", European ," Western ,  Chinese , Indian ,  Vietnamese "
Maya,644, BIM Manager ,URL,et.nunc.Quisque@idnunc.com,(02) 6760 1526,"convallis in, cursus"," Tuesday ,  Wednesday ",Indian ," Thai,  Western , Indian ,  Chinese ,  Vietnamese "
Keely,699, BIM Manager ,URL,ligula@Aliquamauctorvelit.edu,(09) 3964 9300,ultrices. Duis volutpat nunc sit amet,"Monday ,  Thursday ,  Friday", Chinese ," Western ,  Vietnamese "
Molly,359, Principal Architect ,URL,mauris@pede.net,(01) 5725 1571,vulputate mauris sagittis placerat. Cras dictum ultricies ligula.,"Monday ,  Wednesday ,  Thursday ,  Friday", European ,"Indian ,  French ,  Vietnamese ,  Chinese ,  Thai"
Mona,260, HR ,URL,ultrices@arcuvelquam.org,(07) 4642 3663,urna," Tuesday , Monday ,  Thursday ", European ,"Indian ,  French ,  Chinese "
Rylee,279, HR ,URL,blandit@egestasrhoncusProin.net,(02) 6460 7483,nibh vulputate mauris sagittis placerat. Cras dictum ultricies ligula. Nullam," Tuesday ,  Wednesday ", European ," Chinese ,  Korean ,  Thai,  Western "
Hyacinth,313, BIM Manager ,URL,lectus.pede@consectetueradipiscingelit.edu,(09) 0392 0592,orci. Donec nibh. Quisque nonummy ipsum non arcu. Vivamus," Thursday ,  Friday, Monday ", Malaysian ," Chinese , Indian ,  Korean ,  French ,  Vietnamese ,  Western "
Thor,823, BIM Manager ,URL,vulputate@nulla.org,(05) 3877 1883,volutpat. Nulla dignissim. Maecenas ornare egestas ligula. Nullam,, Chinese ,"Indian ,  Chinese ,  Korean ,  Western ,  Vietnamese ,  Thai,  French "
Brent,850, Principal Architect ,URL,neque@odiotristique.net,(09) 9213 9298,Phasellus nulla.,, Chinese ," Vietnamese ,  French ,  Western ,  Chinese ,  Thai,  Korean , Indian "
Hedy,828, Junior Architect ,URL,nascetur@est.edu,(04) 5874 8366,Curabitur,, American ," French ,  Vietnamese , Indian ,  Thai,  Korean ,  Chinese ,  Western "
Rhea,511, Principal Architect ,URL,et@sem.com,(04) 8250 2138,"eu, euismod ac,"," Tuesday ,  Wednesday , Monday ,  Friday", Chinese ," Vietnamese , Indian ,  Western "
Elliott,725,Support Staff ,URL,Proin@Cras.ca,(01) 1192 4034,"nonummy ac, feugiat non,", Thursday , Malaysian ,Indian 
Britanney,257, Principal Architect ,URL,velit.in.aliquet@Mauris.net,(01) 8803 3650,arcu. Aliquam ultrices iaculis odio. Nam interdum enim,"Monday ,  Friday,  Thursday ,  Wednesday ,  Tuesday ", European ," Western , Indian ,  Vietnamese ,  Chinese ,  French ,  Thai"
Aidan,703, HR ,URL,ridiculus.mus.Proin@aliquamiaculislacus.ca,(04) 0579 9117,"nec, imperdiet nec, leo. Morbi"," Tuesday , Monday ,  Friday", American ," Thai, Indian ,  Vietnamese ,  French "
Aladdin,992, HR ,URL,Proin.ultrices@id.net,(07) 7655 2259,"sed dictum eleifend, nunc risus varius orci, in"," Tuesday , Monday ,  Wednesday ,  Thursday ,  Friday", Malaysian ," Korean , Indian ,  French ,  Vietnamese ,  Chinese ,  Western "
Maisie,948, HR ,URL,dolor.sit@semperrutrumFusce.net,(04) 6232 4008,aliquam eros turpis non enim.," Wednesday ,  Tuesday ,  Thursday , Monday ,  Friday",Indian ," Western , Indian ,  Korean "
Upton,961, Junior Architect ,URL,Cum.sociis@congueelit.org,(08) 1607 0076,"quis massa. Mauris vestibulum,"," Wednesday ,  Thursday ",Indian ," Chinese ,  Vietnamese ,  French , Indian ,  Korean ,  Western "
Daniel,944, BIM Manager ,URL,et.rutrum@odiotristique.org,(08) 9822 0763,eu dui. Cum," Thursday , Monday ,  Wednesday ,  Tuesday ,  Friday", Australian," Chinese ,  Vietnamese "
Rooney,372, BIM Manager ,URL,amet@rutrum.com,(01) 8907 2370,aliquet molestie tellus. Aenean egestas hendrerit, Wednesday , Chinese ," Vietnamese , Indian ,  Chinese ,  Thai,  Western "
Wyatt,944, HR ,URL,Duis.a.mi@Phasellusin.edu,(04) 6908 2933,nisi dictum augue malesuada malesuada. Integer," Thursday , Monday ,  Tuesday ", Australian," Vietnamese , Indian "
Aubrey,426, HR ,URL,imperdiet@sedsapien.edu,(01) 1938 4999,"montes, nascetur ridiculus mus. Aenean eget magna. Suspendisse tristique neque", Friday, Malaysian ,
Abel,635, HR ,URL,arcu@mauriseu.ca,(01) 9177 5175,"placerat, augue. Sed"," Wednesday ,  Thursday , Monday ", American ," Thai,  Korean ,  French , Indian ,  Chinese ,  Western "
Liberty,811, Principal Architect ,URL,turpis.egestas.Aliquam@magnatellus.edu,(06) 5828 0185,interdum feugiat. Sed nec metus," Wednesday ,  Tuesday , Monday ", Chinese ," Thai,  Western ,  Chinese , Indian ,  French ,  Korean "
Lisandra,395, BIM Manager ,URL,lobortis.risus@diam.ca,(07) 6496 2811,"lectus rutrum urna, nec luctus felis purus ac tellus."," Friday,  Wednesday , Monday ,  Thursday ,  Tuesday ", Australian, French 
Amethyst,655,Support Staff ,URL,mollis.vitae.posuere@SuspendisseduiFusce.ca,(03) 8485 3335,id magna et ipsum cursus vestibulum. Mauris magna. Duis," Thursday ,  Friday,  Tuesday , Monday ", Chinese ," Vietnamese ,  Western ,  Thai, Indian ,  Korean "
Malachi,520, Junior Architect ,URL,cursus.et.magna@cursusaenim.net,(02) 5298 0649,sed orci lobortis augue," Tuesday ,  Thursday ", Australian," Thai,  French , Indian "
Kuame,931, BIM Manager ,URL,nulla.Integer@convalliserateget.org,(08) 3148 3118,"vulputate, nisi sem semper erat, in consectetuer ipsum nunc id"," Tuesday ,  Thursday ,  Wednesday ,  Friday", Chinese , Korean 
Buffy,706, Junior Architect ,URL,enim.nec.tempus@orciquis.com,(07) 8130 2326,"magna sed dui. Fusce aliquam,","Monday ,  Thursday ,  Tuesday ,  Friday", Chinese ," Western ,  French , Indian ,  Thai,  Vietnamese "
Elijah,278, Principal Architect ,URL,eget@acorci.org,(08) 0582 1131,Vivamus molestie dapibus ligula. Aliquam erat volutpat. Nulla dignissim. Maecenas,, American ," Chinese ,  Thai,  Vietnamese "
Elijah,991, BIM Manager ,URL,ornare@dignissimpharetra.net,(09) 5183 8440,"semper egestas, urna justo faucibus lectus,"," Wednesday ,  Thursday ", Australian," Chinese ,  Vietnamese ,  French ,  Western ,  Korean ,  Thai"
Jasper,636, Junior Architect ,URL,placerat@ametmassaQuisque.co.uk,(02) 4016 9270,Proin sed turpis nec mauris blandit mattis. Cras,Monday , American ," Chinese ,  Western ,  Korean , Indian ,  Vietnamese ,  Thai"
Hedda,797, BIM Manager ,URL,consectetuer.adipiscing@ligulaconsectetuerrhoncus.ca,(03) 3891 5715,ultrices. Duis volutpat nunc sit amet metus.,, European ,
Mercedes,769, BIM Manager ,URL,augue@nequevitae.edu,(09) 6603 1031,turpis. Aliquam adipiscing," Friday,  Wednesday , Monday ,  Thursday ,  Tuesday ", Australian," Thai,  Chinese "
Merritt,340, Junior Architect ,URL,turpis@ultricesposuere.com,(05) 1806 8463,Fusce aliquet," Thursday ,  Friday, Monday ,  Tuesday ", European ," Western ,  French , Indian ,  Chinese ,  Thai"
Timon,147, Principal Architect ,URL,ac.libero.nec@sitamet.co.uk,(08) 5472 8573,eleifend,, European ,
Alana,186,Support Staff ,URL,tempor.diam.dictum@pellentesque.edu,(08) 6674 8387,Pellentesque ultricies dignissim lacus. Aliquam rutrum lorem," Thursday , Monday ", European ," French ,  Chinese , Indian ,  Korean ,  Thai,  Western "
Keiko,306, HR ,URL,ornare.In.faucibus@Sedid.net,(08) 2057 6568,nibh sit," Wednesday ,  Friday,  Tuesday ", Chinese ," French ,  Western ,  Thai,  Korean , Indian ,  Vietnamese ,  Chinese "
Avye,276, Principal Architect ,URL,id@ullamcorperDuis.edu,(07) 0998 0543,nunc sit amet metus. Aliquam erat volutpat. Nulla," Wednesday ,  Tuesday ,  Thursday ,  Friday", Malaysian ,"Indian ,  Western ,  Vietnamese ,  French ,  Chinese ,  Korean ,  Thai"
Ethan,411,Support Staff ,URL,egestas@augue.com,(09) 4841 7395,lacus. Quisque," Thursday ,  Friday, Monday ,  Tuesday ,  Wednesday ",Indian ," Chinese ,  Thai, Indian ,  Korean ,  French ,  Vietnamese ,  Western "
Nasim,763, Principal Architect ,URL,turpis.vitae.purus@Sed.edu,(07) 8015 1969,Phasellus fermentum convallis ligula. Donec luctus aliquet odio. Etiam,, Australian," Korean ,  Western ,  Vietnamese ,  Chinese , Indian ,  French ,  Thai"
Grant,222, Junior Architect ,URL,sapien@In.org,(02) 2098 2028,"feugiat non, lobortis quis, pede. Suspendisse dui. Fusce diam"," Thursday ,  Tuesday ",Indian , Vietnamese 
Noah,300, Principal Architect ,URL,egestas.Aliquam.nec@imperdietullamcorperDuis.net,(07) 4025 4238,magna.," Thursday ,  Friday, Monday ,  Wednesday ", Chinese ," Vietnamese ,  Thai,  Western , Indian ,  Chinese ,  Korean "
Kelly,176, Junior Architect ,URL,montes.nascetur@egettinciduntdui.edu,(09) 6000 8128,eu arcu. Morbi sit amet massa.," Thursday ,  Wednesday ,  Friday,  Tuesday , Monday ", American ," Chinese ,  Thai, Indian ,  Western ,  French ,  Vietnamese ,  Korean "
Alexander,195, BIM Manager ,URL,vulputate.dui.nec@cursus.com,(03) 1270 3238,Vivamus nisi. Mauris nulla. Integer urna. Vivamus molestie dapibus ligula.," Friday,  Thursday ",Indian , Chinese 
MacKensie,440, BIM Manager ,URL,Nullam.scelerisque.neque@nisinibhlacinia.org,(09) 4379 9847,Nunc mauris. Morbi non sapien molestie orci tincidunt, Wednesday , Australian," Western ,  Thai,  Vietnamese "
Joseph,641, Principal Architect ,URL,laoreet@orci.com,(02) 8044 8117,"et magnis dis parturient montes,", Friday, European ," Western ,  Korean "
Neville,559, HR ,URL,eleifend.Cras@dignissim.edu,(09) 5860 8504,Integer tincidunt aliquam arcu., Thursday , Malaysian ," Vietnamese ,  Western , Indian "
Ira,672,Support Staff ,URL,sit.amet.orci@musDonec.net,(02) 0425 2598,mi lacinia mattis. Integer,"Monday ,  Tuesday ,  Wednesday ", Malaysian ,"Indian ,  French ,  Korean ,  Thai,  Vietnamese "
Lydia,852, HR ,URL,interdum@Praesenteudui.com,(04) 6806 8493,"ut cursus luctus, ipsum leo elementum","Monday ,  Tuesday ,  Thursday ,  Friday", American ,"Indian ,  Western ,  Korean ,  Chinese ,  Thai"
Tanya,415, BIM Manager ,URL,Sed.eget.lacus@ornaretortor.com,(08) 1546 2192,vel pede blandit congue.,Monday , Australian, Korean 
Rudyard,154, Principal Architect ,URL,neque.Nullam.nisl@bibendum.org,(03) 3650 4441,fermentum convallis ligula. Donec luctus, Tuesday ,Indian ," French ,  Chinese ,  Korean ,  Western ,  Vietnamese , Indian "
Chase,353, Junior Architect ,URL,ornare@quamvel.edu,(06) 3957 1914,"nisl elementum purus,"," Thursday ,  Wednesday , Monday ", American ," Korean ,  Thai,  Vietnamese ,  French ,  Chinese , Indian "
Isabella,738, Junior Architect ,URL,sociosqu@Crasvulputatevelit.edu,(06) 8173 7399,turpis non enim. Mauris quis turpis vitae purus gravida," Thursday ,  Friday,  Tuesday ,  Wednesday , Monday ", Australian,
Octavia,525, Principal Architect ,URL,in@tinciduntadipiscing.com,(01) 7449 1821,semper," Tuesday ,  Friday, Monday ,  Wednesday ", Malaysian ," Chinese , Indian ,  French ,  Vietnamese "
Moana,428, HR ,URL,ligula@posuere.org,(08) 7233 5520,"amet, consectetuer adipiscing", Thursday , Malaysian ,
Kermit,870, Junior Architect ,URL,ipsum@lobortisClass.ca,(07) 0464 9575,nisl,, European ," French ,  Chinese ,  Thai,  Korean ,  Vietnamese , Indian ,  Western "
Sonia,389, BIM Manager ,URL,leo.Morbi@tristique.co.uk,(02) 6100 1886,"ornare, elit elit", Thursday ,Indian ," Thai, Indian ,  French ,  Korean ,  Western "
Abra,175, HR ,URL,at.pretium.aliquet@vitae.com,(01) 9151 9023,"neque sed dictum eleifend,",, Malaysian ,"Indian ,  Western ,  Thai,  French ,  Chinese ,  Vietnamese ,  Korean "
Shea,587, HR ,URL,lacus@vitae.co.uk,(09) 8140 0344,Aenean euismod,, Malaysian ," French ,  Korean , Indian ,  Vietnamese ,  Thai,  Chinese ,  Western "
